dataset,seed,test_name,model,top1,top5,top1_drop,top5_drop
wlasl100,1,normal,B6,86.38743455497382,94.24083769633508,0.0,0.0
wlasl100,1,normal,FELF,87.43455497382199,94.76439790575917,0.0,0.0
wlasl100,1,normal,Tri_FELF_MT_a0.5_b1.0_g0.5_fused,88.48167539267016,95.81151832460733,0.0,0.0
wlasl100,1,center_repeat,B6,47.12041884816754,71.72774869109948,-39.26701570680628,-22.5130890052356
wlasl100,1,center_repeat,FELF,49.21465968586388,76.43979057591623,-38.21989528795811,-18.324607329842934
wlasl100,1,center_repeat,Tri_FELF_MT_a0.5_b1.0_g0.5_fused,49.73821989528796,75.91623036649214,-38.74345549738219,-19.89528795811519
wlasl100,1,temporal_shuffle,B6,75.39267015706807,93.19371727748691,-10.994764397905755,-1.0471204188481664
wlasl100,1,temporal_shuffle,FELF,74.3455497382199,92.67015706806282,-13.089005235602087,-2.094240837696347
wlasl100,1,temporal_shuffle,Tri_FELF_MT_a0.5_b1.0_g0.5_fused,79.05759162303664,94.76439790575917,-9.424083769633512,-1.0471204188481664
wlasl100,1,middle_third,B6,76.43979057591623,91.62303664921465,-9.947643979057588,-2.617801047120423
wlasl100,1,middle_third,FELF,78.53403141361257,91.62303664921465,-8.900523560209422,-3.1413612565445135
wlasl100,1,middle_third,Tri_FELF_MT_a0.5_b1.0_g0.5_fused,79.58115183246073,92.67015706806282,-8.900523560209422,-3.1413612565445135
wlasl100,1,first_half,B6,72.25130890052355,87.43455497382199,-14.136125654450268,-6.806282722513089
wlasl100,1,first_half,FELF,73.82198952879581,87.95811518324608,-13.612565445026178,-6.806282722513089
wlasl100,1,first_half,Tri_FELF_MT_a0.5_b1.0_g0.5_fused,75.91623036649214,89.52879581151832,-12.565445026178011,-6.282722513089013
wlasl100,1,second_half,B6,58.63874345549738,79.05759162303664,-27.748691099476446,-15.183246073298434
wlasl100,1,second_half,FELF,58.1151832460733,83.24607329842932,-29.31937172774869,-11.518324607329845
wlasl100,1,second_half,Tri_FELF_MT_a0.5_b1.0_g0.5_fused,61.78010471204188,85.86387434554973,-26.701570680628272,-9.947643979057602
wlasl100,1,mask_global,B6,36.12565445026178,63.87434554973822,-50.261780104712045,-30.366492146596855
wlasl100,1,mask_global,FELF,21.98952879581152,42.931937172774866,-65.44502617801047,-51.8324607329843
wlasl100,1,mask_global,Tri_FELF_MT_a0.5_b1.0_g0.5_fused,50.26178010471204,85.34031413612566,-38.21989528795812,-10.471204188481678
wlasl100,1,frame_dropout,B6,86.38743455497382,94.24083769633508,0.0,0.0
wlasl100,1,frame_dropout,FELF,85.86387434554975,94.76439790575917,-1.5706806282722425,0.0
wlasl100,1,frame_dropout,Tri_FELF_MT_a0.5_b1.0_g0.5_fused,87.43455497382199,95.81151832460733,-1.0471204188481664,0.0
