dataset,seed,method,space,val_top1,val_top5,test_top1,test_top5,weights
WLASL-100,1,Baseline only,logits,82.8125,94.6875,86.38743455497382,94.24083769633508,""""""
WLASL-100,1,LRG only,logits,84.0625,95.0,83.24607329842932,95.28795811518324,""""""
WLASL-100,1,RF only,logits,82.5,93.4375,85.86387434554975,94.76439790575915,""""""
WLASL-100,1,MT only,logits,83.125,94.0625,84.29319371727748,92.67015706806284,""""""
WLASL-100,1,equal_probability_averaging,softmax_probabilities,83.75,95.3125,86.38743455497382,94.24083769633508,"[0.25, 0.25, 0.25, 0.25]"
WLASL-100,1,validation_selected_logit_fusion,logits,85.9375,95.625,86.91099476439791,94.24083769633508,"{""baseline"": 0.5, ""lrg"": 0.25, ""rf"": 0.0, ""mt"": 1.0}"
WLASL-100,1,embedding_concatenation,embeddings,85.0,95.625,87.95811518324608,95.28795811518324,""""""
WLASL-100,1,embedding_residual_fusion,embeddings,83.125,95.625,86.38743455497382,94.76439790575915,""""""
WLASL-300,1,Baseline only,logits,75.78692493946731,93.22033898305084,72.41379310344827,89.84674329501917,""""""
WLASL-300,1,LRG only,logits,77.60290556900726,94.30992736077482,74.32950191570882,89.46360153256705,""""""
WLASL-300,1,RF only,logits,76.87651331719128,93.09927360774817,73.37164750957854,89.272030651341,""""""
WLASL-300,1,MT only,logits,76.99757869249395,92.49394673123487,73.37164750957854,90.80459770114942,""""""
WLASL-300,1,equal_probability_averaging,softmax_probabilities,80.02421307506053,95.39951573849879,76.81992337164752,92.33716475095785,"[0.25, 0.25, 0.25, 0.25]"
WLASL-300,1,validation_selected_logit_fusion,logits,81.47699757869249,95.64164648910412,78.73563218390804,92.52873563218391,"{""baseline"": 0.5, ""lrg"": 0.75, ""rf"": 0.25, ""mt"": 1.0}"
WLASL-300,1,embedding_concatenation,embeddings,81.35593220338984,94.43099273607749,76.62835249042146,91.57088122605363,""""""
WLASL-300,1,embedding_residual_fusion,embeddings,80.62953995157385,94.30992736077482,77.39463601532567,91.18773946360153,""""""
