dataset,varied_coefficient,value,baseline_weight,felf_weight,mt_weight,val_top1,val_top5,test_top1_diagnostic_only,test_top5_diagnostic_only
wlasl100,baseline,0.0,0.0,1.0,0.5,85.3125,95.3125,86.38743455497382,95.28795811518324
wlasl100,baseline,0.25,0.25,1.0,0.5,85.0,95.625,87.95811518324608,94.76439790575915
wlasl100,baseline,0.5,0.5,1.0,0.5,85.3125,95.9375,88.48167539267016,95.28795811518324
wlasl100,baseline,0.75,0.75,1.0,0.5,85.3125,96.25,88.48167539267016,95.28795811518324
wlasl100,baseline,1.0,1.0,1.0,0.5,84.0625,96.25,89.00523560209425,95.28795811518324
wlasl100,felf,0.0,0.5,0.0,0.5,84.0625,95.9375,87.95811518324608,94.24083769633508
wlasl100,felf,0.25,0.5,0.25,0.5,84.6875,95.9375,87.95811518324608,94.76439790575915
wlasl100,felf,0.5,0.5,0.5,0.5,84.375,95.9375,88.48167539267016,94.76439790575915
wlasl100,felf,0.75,0.5,0.75,0.5,84.6875,95.9375,88.48167539267016,95.28795811518324
wlasl100,felf,1.0,0.5,1.0,0.5,85.3125,95.9375,88.48167539267016,95.28795811518324
wlasl100,mt,0.0,0.5,1.0,0.0,84.6875,95.0,87.43455497382199,95.81151832460732
wlasl100,mt,0.25,0.5,1.0,0.25,85.3125,95.9375,87.95811518324608,95.81151832460732
wlasl100,mt,0.5,0.5,1.0,0.5,85.3125,95.9375,88.48167539267016,95.28795811518324
wlasl100,mt,0.75,0.5,1.0,0.75,84.6875,95.625,87.95811518324608,95.28795811518324
wlasl100,mt,1.0,0.5,1.0,1.0,84.6875,95.625,87.43455497382199,95.28795811518324
wlasl300,baseline,0.0,0.0,1.0,0.5,80.99273607748184,95.76271186440678,78.16091954022988,91.57088122605363
wlasl300,baseline,0.25,0.25,1.0,0.5,81.23486682808718,96.00484261501211,77.77777777777779,91.57088122605363
wlasl300,baseline,0.5,0.5,1.0,0.5,81.23486682808718,95.76271186440678,77.96934865900383,92.33716475095785
wlasl300,baseline,0.75,0.75,1.0,0.5,80.87167070217917,95.64164648910412,77.77777777777779,92.72030651340997
wlasl300,baseline,1.0,1.0,1.0,0.5,80.38740920096852,95.15738498789347,77.20306513409962,92.33716475095785
wlasl300,felf,0.0,0.5,0.0,0.5,79.66101694915254,94.43099273607749,75.09578544061303,92.1455938697318
wlasl300,felf,0.25,0.5,0.25,0.5,80.1452784503632,95.15738498789347,77.58620689655173,92.91187739463601
wlasl300,felf,0.5,0.5,0.5,0.5,80.62953995157385,95.39951573849879,78.16091954022988,92.91187739463601
wlasl300,felf,0.75,0.5,0.75,0.5,80.87167070217917,95.64164648910412,78.16091954022988,92.72030651340997
wlasl300,felf,1.0,0.5,1.0,0.5,81.23486682808718,95.76271186440678,77.96934865900383,92.33716475095785
wlasl300,mt,0.0,0.5,1.0,0.0,80.38740920096852,95.39951573849879,77.20306513409962,91.18773946360153
wlasl300,mt,0.25,0.5,1.0,0.25,80.87167070217917,95.76271186440678,78.16091954022988,92.1455938697318
wlasl300,mt,0.5,0.5,1.0,0.5,81.23486682808718,95.76271186440678,77.96934865900383,92.33716475095785
wlasl300,mt,0.75,0.5,1.0,0.75,80.75060532687651,95.64164648910412,78.16091954022988,92.52873563218391
wlasl300,mt,1.0,0.5,1.0,1.0,80.26634382566587,95.52058111380146,77.96934865900383,92.72030651340997
